id,first_name,last_name,email,gender,ip_address,normal
1,Ramon,Manser,rmanser0@businessinsider.com,Male,193.33.235.88,0.73
2,Rickert,de Savery,rdesavery1@aboutads.info,Male,72.161.117.124,0.2
3,Melvin,Wombwell,mwombwell2@ihg.com,Male,169.47.138.234,-0.05
4,Gilburt,Neaves,gneaves3@foxnews.com,Male,116.169.109.105,-0.55
5,Jewell,Siseland,jsiseland4@huffingtonpost.com,Female,134.40.78.69,-0.68
6,Ramon,Sappell,rsappell5@go.com,Male,113.176.211.0,1.0
7,Umberto,Kennea,ukennea6@zdnet.com,Male,70.66.150.59,-1.22
8,Ludvig,Malafe,lmalafe7@paginegialle.it,Male,234.251.173.15,0.36
9,Erena,Thrower,ethrower8@blog.com,Female,154.211.130.105,-0.58
10,Raine,MacDonnell,rmacdonnell9@sun.com,Female,91.54.228.212,0.85
11,Molli,Fegan,mfegana@webeden.co.uk,Female,52.32.154.186,-1.13
12,Jorrie,Fouldes,jfouldesb@google.ru,Female,101.56.170.155,-0.66
13,Janek,Lumley,jlumleyc@mediafire.com,Male,50.156.111.16,-0.38
14,Ella,Malone,emaloned@ucla.edu,Female,102.167.161.93,0.06
15,Kristian,Lorent,klorente@icq.com,Male,200.40.98.69,0.82
16,Waylen,Doumer,wdoumerf@moonfruit.com,Male,79.115.174.215,-0.68
17,Agneta,Tidridge,atidridgeg@google.de,Female,75.40.246.181,0.76
18,Cristobal,Legge,cleggeh@dion.ne.jp,Male,244.33.10.218,-1.02
19,Julee,Cornils,jcornilsi@slate.com,Female,91.144.255.106,0.53
20,Aggi,Mawditt,amawdittj@tripod.com,Female,76.62.138.52,-0.59
21,Dolores,Jobern,djobernk@berkeley.edu,Female,205.132.158.114,-0.61
22,Morrie,Oven,movenl@sitemeter.com,Male,156.236.213.27,0.33
23,Dav,Annesley,dannesleym@mapy.cz,Male,168.53.193.7,0.67
24,Saxon,Wille,swillen@dropbox.com,Male,82.246.185.215,2.09
25,Giulietta,Drescher,gdreschero@sitemeter.com,Female,139.28.132.211,-1.54
26,Marie-jeanne,Semken,msemkenp@adobe.com,Female,124.149.215.76,0.01
27,Joleen,Chittey,jchitteyq@yahoo.com,Female,111.114.242.169,0.36
28,Jemmy,Merryfield,jmerryfieldr@addtoany.com,Female,141.107.138.239,1.35
29,Palmer,Kamena,pkamenas@hud.gov,Male,90.249.168.121,-0.19
30,Patrizius,Lasslett,plasslettt@google.fr,Male,213.130.144.124,0.18
31,Lilly,Kempston,lkempstonu@bigcartel.com,Female,196.216.220.173,0.43
32,Hirsch,Klaves,hklavesv@nymag.com,Male,187.21.254.223,-0.01
33,Law,Wrettum,lwrettumw@arstechnica.com,Male,253.123.132.16,-0.25
34,Tanitansy,Dikes,tdikesx@google.cn,Female,193.76.21.44,0.55
35,Tom,Leighton,tleightony@wordpress.com,Male,45.235.184.100,0.26
36,Adrian,Phillips,aphillipsz@time.com,Male,48.63.203.24,0.62
37,Anthe,Dadge,adadge10@google.com.hk,Female,230.14.144.248,-1.14
38,Jay,Keeltagh,jkeeltagh11@vimeo.com,Male,254.125.180.53,0.42
39,Kennie,Voyce,kvoyce12@netlog.com,Male,150.126.79.54,-1.18
40,Veda,Merle,vmerle13@army.mil,Female,39.49.9.150,0.34
41,Wolfgang,Tawse,wtawse14@google.it,Male,38.74.89.104,0.9
42,Willamina,Moffatt,wmoffatt15@yandex.ru,Female,141.29.106.77,-0.75
43,Rubetta,Prinn,rprinn16@github.io,Female,67.72.186.185,-1.15
44,Bil,Lampen,blampen17@goo.gl,Male,204.249.164.10,0.05
45,Land,Whitemarsh,lwhitemarsh18@squidoo.com,Male,216.97.122.151,1.49
46,Ernest,Tharme,etharme19@nsw.gov.au,Male,97.252.165.70,-0.04
47,Blanche,Dwire,bdwire1a@theatlantic.com,Female,212.228.196.157,-0.19
48,Silvia,Liley,sliley1b@blinklist.com,Female,176.218.21.124,-0.28
49,Debee,Kaes,dkaes1c@europa.eu,Female,3.12.2.170,1.32
50,Donaugh,Cod,dcod1d@edublogs.org,Male,145.19.221.225,-0.97
51,Solly,Manterfield,smanterfield1e@shinystat.com,Male,239.0.161.194,0.57
52,Morey,Scurrell,mscurrell1f@mtv.com,Male,177.229.180.171,0.54
53,Noel,Westmarland,nwestmarland1g@geocities.com,Male,73.95.9.245,0.1
54,Jarid,Andresser,jandresser1h@wiley.com,Male,5.81.107.200,2.14
55,Meara,Leborgne,mleborgne1i@wisc.edu,Female,253.97.231.46,-0.98
56,Audrie,Mucklow,amucklow1j@symantec.com,Female,72.196.144.181,-0.19
57,Elora,Jannings,ejannings1k@jimdo.com,Female,222.29.40.63,-0.57
58,Conrado,Cattermole,ccattermole1l@zdnet.com,Male,88.250.162.161,1.44
59,Barby,Snowball,bsnowball1m@skyrock.com,Female,90.60.22.59,-0.86
60,Elihu,McKeown,emckeown1n@accuweather.com,Male,81.18.82.226,-1.39
61,Gilburt,Bernat,gbernat1o@upenn.edu,Male,167.47.196.19,-0.97
62,Lyle,Maisey,lmaisey1p@nih.gov,Male,70.68.145.95,-0.47
63,Bogart,Sharple,bsharple1q@ted.com,Male,21.84.132.0,-0.44
64,Alayne,Lambdin,alambdin1r@mtv.com,Female,177.3.209.204,-0.33
65,Darell,Goad,dgoad1s@desdev.cn,Female,89.233.120.77,-0.57
66,Florette,Biernat,fbiernat1t@posterous.com,Female,215.44.220.75,1.8
67,Annora,Basillon,abasillon1u@ustream.tv,Female,33.168.236.82,-0.42
68,Raychel,Semper,rsemper1v@arstechnica.com,Female,43.82.20.174,-1.79
69,Paxton,Eisenberg,peisenberg1w@stumbleupon.com,Male,52.93.138.46,-1.37
70,Thalia,Stainfield,tstainfield1x@skyrock.com,Female,228.180.161.215,-0.62
71,Gwenneth,Husher,ghusher1y@hud.gov,Female,68.228.114.255,-0.66
72,Stacy,Roycraft,sroycraft1z@nymag.com,Male,129.214.61.106,0.47
73,Rouvin,Bradane,rbradane20@npr.org,Male,90.25.101.146,-1.14
74,Paxon,Romeuf,promeuf21@columbia.edu,Male,15.109.25.46,0.32
75,Claudia,Orrock,corrock22@ed.gov,Female,32.30.186.105,0.14
76,Farah,Connick,fconnick23@ow.ly,Female,208.44.36.233,-0.06
77,Westbrooke,Lavers,wlavers24@aol.com,Male,150.96.202.197,0.24
78,Philippine,Caruth,pcaruth25@wsj.com,Female,196.22.167.47,1.52
79,Levin,Sinisbury,lsinisbury26@sciencedaily.com,Male,14.48.90.151,-0.12
80,Mordecai,Bravery,mbravery27@hud.gov,Male,12.116.194.210,-0.74
81,Babita,Mathissen,bmathissen28@dailymail.co.uk,Female,193.237.56.8,-1.05
82,Marrissa,Roddam,mroddam29@symantec.com,Female,212.193.109.189,-1.96
83,Claus,MacElroy,cmacelroy2a@vkontakte.ru,Male,130.36.43.112,1.29
84,Andrej,Rowlands,arowlands2b@state.tx.us,Male,177.218.228.216,0.36
85,Richmond,Haddleton,rhaddleton2c@marketwatch.com,Male,97.219.149.73,1.36
86,Rafaellle,Tweedell,rtweedell2d@cbc.ca,Male,220.32.210.174,0.03
87,Thane,Dawbury,tdawbury2e@theglobeandmail.com,Male,78.122.23.241,0.34
88,Fan,Ashurst,fashurst2f@ca.gov,Female,211.11.133.183,0.49
89,Aurelea,Jeff,ajeff2g@google.pl,Female,77.158.144.181,1.22
90,Ginny,Chavey,gchavey2h@taobao.com,Female,247.221.211.92,-0.65
91,Dougie,Gommowe,dgommowe2i@samsung.com,Male,118.25.59.240,0.78
92,Tabbitha,Deaves,tdeaves2j@etsy.com,Female,43.81.224.244,0.13
93,Harriott,Lickorish,hlickorish2k@twitter.com,Female,183.192.55.85,-0.35
94,Dayna,Tethacot,dtethacot2l@4shared.com,Female,215.188.173.22,0.28
95,Matty,Eckert,meckert2m@forbes.com,Male,58.69.184.107,0.89
96,Lesly,Boyington,lboyington2n@hatena.ne.jp,Female,57.49.152.174,1.65
97,Ellis,Arlt,earlt2o@go.com,Male,169.166.121.170,0.59
98,Tibold,Henken,thenken2p@mayoclinic.com,Male,84.93.109.153,1.21
99,Benedetta,Creedland,bcreedland2q@gmpg.org,Female,66.129.112.138,-0.45
100,Vernice,Curdell,vcurdell2r@typepad.com,Female,113.252.204.210,0.5
101,Althea,Clewarth,aclewarth2s@rediff.com,Female,206.22.196.16,-0.15
102,Nerty,Lartice,nlartice2t@w3.org,Female,184.98.225.179,0.62
103,Wolfy,Blakeley,wblakeley2u@rakuten.co.jp,Male,50.113.132.22,-1.31
104,Enrique,Grendon,egrendon2v@nba.com,Male,41.12.93.218,-0.07
105,Anne-corinne,Jirieck,ajirieck2w@cam.ac.uk,Female,59.44.131.28,-0.9
106,Faunie,Niaves,fniaves2x@cargocollective.com,Female,187.165.22.173,-1.34
107,Aldus,Satch,asatch2y@quantcast.com,Male,195.8.124.34,0.3
108,Frederik,Ogger,fogger2z@yandex.ru,Male,21.159.219.8,-0.62
109,Angelica,Febvre,afebvre30@altervista.org,Female,126.157.135.222,-1.08
110,Erek,Keigher,ekeigher31@buzzfeed.com,Male,9.161.18.59,1.87
111,Trueman,Muslim,tmuslim32@sphinn.com,Male,8.181.145.24,0.31
112,Edythe,Georgeau,egeorgeau33@cafepress.com,Female,30.3.67.226,-0.46
113,Grantley,Peniman,gpeniman34@tripadvisor.com,Male,203.243.82.64,-0.11
114,Marylinda,Strudwick,mstrudwick35@blogs.com,Female,226.88.62.11,0.32
115,Dody,McCurtin,dmccurtin36@devhub.com,Female,221.161.64.176,-2.29
116,Petronia,MacLeese,pmacleese37@telegraph.co.uk,Female,117.184.45.113,0.24
117,Minerva,Slaight,mslaight38@comcast.net,Female,247.84.31.87,-1.1
118,Shelly,Czaja,sczaja39@paginegialle.it,Female,18.6.67.195,-1.0
119,Alphard,O'Hartnedy,aohartnedy3a@berkeley.edu,Male,49.26.18.89,0.69
120,Jobyna,Nurny,jnurny3b@unc.edu,Female,101.34.152.138,-1.29
121,Ruprecht,Medeway,rmedeway3c@bandcamp.com,Male,145.210.169.239,-1.05
122,Birgit,Crosen,bcrosen3d@chron.com,Female,33.245.66.251,-1.13
123,Salli,Hoffmann,shoffmann3e@naver.com,Female,66.250.166.151,-1.47
124,Damiano,Pecha,dpecha3f@uol.com.br,Male,103.75.170.75,1.21
125,Miner,Heynen,mheynen3g@bing.com,Male,109.238.41.81,1.45
126,Arly,Gayter,agayter3h@ovh.net,Female,21.161.5.13,-0.61
127,Ronny,Bennoe,rbennoe3i@acquirethisname.com,Female,43.191.46.146,-0.71
128,Romona,Paschke,rpaschke3j@wp.com,Female,134.183.48.132,0.99
129,Ced,Djorvic,cdjorvic3k@bravesites.com,Male,29.117.110.228,0.6
130,Louie,Lounds,llounds3l@npr.org,Male,20.142.80.247,1.03
131,Nissa,Paydon,npaydon3m@barnesandnoble.com,Female,210.16.212.137,1.54
132,Manfred,Aldritt,maldritt3n@reuters.com,Male,64.181.231.83,0.47
133,Gayle,Banane,gbanane3o@liveinternet.ru,Male,34.122.55.194,-1.15
134,Harlin,Lyddyard,hlyddyard3p@spotify.com,Male,194.63.124.203,0.64
135,Ruddy,Bysouth,rbysouth3q@state.gov,Male,14.106.202.101,0.23
136,Shelli,Streeten,sstreeten3r@wsj.com,Female,193.20.210.29,-1.21
137,Carlita,MacGahy,cmacgahy3s@com.com,Female,156.181.107.79,-0.48
138,Lars,Lachaize,llachaize3t@microsoft.com,Male,104.136.221.198,-0.66
139,Briny,Hought,bhought3u@mozilla.org,Female,189.108.170.241,0.03
140,Marve,Penketh,mpenketh3v@artisteer.com,Male,89.248.34.60,-0.95
141,Sargent,Legh,slegh3w@squarespace.com,Male,136.146.159.187,-0.67
142,Sergei,Lowbridge,slowbridge3x@apache.org,Male,78.214.9.5,-1.24
143,Caresa,Draper,cdraper3y@berkeley.edu,Female,98.174.70.169,-1.6
144,Jerrome,Raspison,jraspison3z@4shared.com,Male,113.111.44.142,1.06
145,Orran,Owbrick,oowbrick40@instagram.com,Male,159.225.140.227,-0.39
146,Rozele,Thayre,rthayre41@g.co,Female,160.125.162.104,-0.05
147,Gae,Rooksby,grooksby42@redcross.org,Female,68.241.192.234,-0.22
148,Erek,Bertelmot,ebertelmot43@tripod.com,Male,114.101.164.190,1.35
149,Joe,Corbould,jcorbould44@walmart.com,Male,163.127.93.28,1.29
150,Wallie,Jaray,wjaray45@answers.com,Female,165.109.222.54,-0.86
151,Staford,Breissan,sbreissan46@uiuc.edu,Male,67.120.22.220,1.43
152,Berenice,Bunny,bbunny47@jugem.jp,Female,209.225.194.50,-0.7
153,Eamon,Cotter,ecotter48@java.com,Male,92.174.103.23,-0.66
154,Archambault,Frisby,afrisby49@printfriendly.com,Male,248.188.205.220,0.7
155,Gunter,Onians,gonians4a@nature.com,Male,192.93.163.17,0.15
156,Jory,Kench,jkench4b@vistaprint.com,Male,135.201.196.124,-0.59
157,Felipa,Feldharker,ffeldharker4c@istockphoto.com,Female,145.255.244.115,-0.9
158,Natty,Mauser,nmauser4d@walmart.com,Male,222.72.25.67,0.09
159,Alli,Gammon,agammon4e@plala.or.jp,Female,14.177.97.229,-1.05
160,Cassi,Taffarello,ctaffarello4f@google.nl,Female,231.216.36.111,-1.15
161,Jeana,Silvers,jsilvers4g@baidu.com,Female,54.147.185.62,0.39
162,Efren,Smart,esmart4h@reuters.com,Male,128.130.186.238,1.08
163,Dana,Olander,dolander4i@facebook.com,Female,160.91.157.15,-1.58
164,Mignonne,Kyd,mkyd4j@discuz.net,Female,128.219.7.169,0.42
165,Aida,Sayers,asayers4k@psu.edu,Female,62.251.11.101,1.6
166,Merell,Worts,mworts4l@canalblog.com,Male,239.19.139.38,-1.58
167,Gates,Olexa,golexa4m@nhs.uk,Female,187.114.37.150,0.07
168,Roseline,Harcase,rharcase4n@lulu.com,Female,232.189.14.9,-0.27
169,Korey,Myderscough,kmyderscough4o@ed.gov,Male,85.227.52.140,-0.3
170,Rey,Mackley,rmackley4p@house.gov,Female,112.22.91.202,1.18
171,Cecil,Detoile,cdetoile4q@globo.com,Female,219.103.113.250,-0.31
172,Carline,Archer,carcher4r@chron.com,Female,253.221.25.161,-0.07
173,Cassandra,Trodler,ctrodler4s@deviantart.com,Female,206.59.69.26,-0.71
174,Victor,Libri,vlibri4t@exblog.jp,Male,223.159.251.70,1.18
175,Isak,Richel,irichel4u@uol.com.br,Male,75.18.8.222,-1.46
176,Enrika,Moxted,emoxted4v@skype.com,Female,201.41.86.206,0.01
177,Ilyssa,O'Shirine,ioshirine4w@amazon.com,Female,139.118.86.133,0.32
178,Chrissy,Newband,cnewband4x@cocolog-nifty.com,Male,135.128.128.101,1.61
179,Gilberto,Canavan,gcanavan4y@51.la,Male,198.161.9.13,2.1
180,Rozanne,Cropp,rcropp4z@behance.net,Female,228.115.237.178,-0.55
181,Trent,Daintree,tdaintree50@fotki.com,Male,135.175.36.237,0.69
182,Parke,O'Dunniom,podunniom51@wordpress.com,Male,31.139.47.89,0.01
183,Nils,Lunbech,nlunbech52@purevolume.com,Male,233.157.123.92,2.18
184,Dino,Waddicor,dwaddicor53@cloudflare.com,Male,16.130.80.151,0.41
185,Noll,Stove,nstove54@nba.com,Male,11.246.47.125,-0.09
186,Clarice,Guillond,cguillond55@nationalgeographic.com,Female,141.254.45.249,-0.64
187,Carilyn,MacNeachtain,cmacneachtain56@pinterest.com,Female,236.40.68.249,0.57
188,Kelsey,Burk,kburk57@yahoo.co.jp,Female,173.24.97.227,-1.95
189,Kermy,Delion,kdelion58@sciencedaily.com,Male,188.23.152.135,-0.61
190,Bradan,Garth,bgarth59@hc360.com,Male,112.126.58.91,0.47
191,Torin,Gumey,tgumey5a@adobe.com,Male,126.76.122.108,-1.54
192,Chester,Smorthit,csmorthit5b@gmpg.org,Male,108.102.57.207,-1.13
193,Avictor,Vaney,avaney5c@rediff.com,Male,169.123.83.5,0.49
194,Lorrie,Stoacley,lstoacley5d@ft.com,Male,55.156.104.92,-0.87
195,Coleman,Erridge,cerridge5e@i2i.jp,Male,10.6.145.116,-0.93
196,Bertha,Dunsmuir,bdunsmuir5f@chicagotribune.com,Female,19.98.234.244,0.86
197,Rabi,Peddowe,rpeddowe5g@w3.org,Male,246.27.5.181,-1.02
198,Ash,Rabbitt,arabbitt5h@businesswire.com,Male,219.162.130.73,-1.15
199,Raynor,Allbrook,rallbrook5i@webnode.com,Male,90.23.217.179,-0.16
200,Durant,Handrock,dhandrock5j@delicious.com,Male,66.160.152.4,-1.61
201,Giorgi,Squibbes,gsquibbes5k@theatlantic.com,Male,175.187.163.229,-0.21
202,Garfield,Hamby,ghamby5l@youtu.be,Male,34.145.135.107,0.87
203,Marjorie,Calow,mcalow5m@constantcontact.com,Female,83.218.233.218,0.33
204,Elston,Pinor,epinor5n@nationalgeographic.com,Male,18.143.66.152,1.34
205,Lizzie,Rickell,lrickell5o@ezinearticles.com,Female,99.45.63.187,-1.29
206,Emlen,Melly,emelly5p@gnu.org,Male,107.231.199.0,0.1
207,Jorrie,Mattiello,jmattiello5q@scribd.com,Female,200.164.122.208,0.02
208,Robenia,Hanaby,rhanaby5r@howstuffworks.com,Female,114.48.129.4,-0.54
209,Lara,Beardwood,lbeardwood5s@webmd.com,Female,158.17.147.163,-1.99
210,Jolee,Gillie,jgillie5t@tmall.com,Female,69.104.133.251,0.27
211,Thaddeus,Matus,tmatus5u@mapquest.com,Male,228.250.224.226,-0.59
212,Crystie,de Vaen,cdevaen5v@zdnet.com,Female,100.49.47.55,-0.32
213,Jacquelynn,Medling,jmedling5w@archive.org,Female,166.56.211.93,-1.23
214,Val,Grishunin,vgrishunin5x@nytimes.com,Male,186.83.186.120,1.51
215,Hoebart,Patron,hpatron5y@usnews.com,Male,172.110.170.148,-0.57
216,Hymie,Dennert,hdennert5z@woothemes.com,Male,220.131.0.131,-0.54
217,Shane,Gunningham,sgunningham60@archive.org,Male,138.111.27.241,-1.72
218,Ardelle,Shetliff,ashetliff61@businessweek.com,Female,24.64.227.22,0.25
219,Flem,Geater,fgeater62@pagesperso-orange.fr,Male,239.173.58.103,-0.82
220,Stanleigh,Blaby,sblaby63@goo.ne.jp,Male,155.28.20.55,2.14
221,Dewain,Burdoun,dburdoun64@ustream.tv,Male,50.57.129.196,0.17
222,Austen,Synnott,asynnott65@a8.net,Male,47.70.22.192,-0.04
223,Eartha,Perelli,eperelli66@miitbeian.gov.cn,Female,126.224.202.167,0.2
224,Fleming,Dy,fdy67@cmu.edu,Male,140.42.99.222,-0.41
225,Alison,Colles,acolles68@issuu.com,Female,53.221.72.4,0.73
226,Kinnie,Baudin,kbaudin69@is.gd,Male,73.238.44.127,-0.47
227,Alexis,Jellman,ajellman6a@yandex.ru,Male,39.202.181.206,-1.05
228,Rosalie,Yard,ryard6b@archive.org,Female,184.221.93.22,-0.47
229,Evelina,Gasnell,egasnell6c@sohu.com,Female,162.229.6.66,-1.0
230,Hillyer,Brabbins,hbrabbins6d@istockphoto.com,Male,251.147.36.22,-1.33
231,Doretta,Bogges,dbogges6e@spiegel.de,Female,10.128.39.53,-0.07
232,Gloriana,Shiers,gshiers6f@zimbio.com,Female,40.38.145.34,1.37
233,Theressa,Gallon,tgallon6g@about.me,Female,48.69.120.37,-0.97
234,Alta,Sainsbury,asainsbury6h@slashdot.org,Female,2.96.113.92,-1.03
235,Donica,Kestian,dkestian6i@delicious.com,Female,117.49.48.231,-1.77
236,Devland,Lowings,dlowings6j@smh.com.au,Male,124.156.46.167,0.86
237,Amos,Redhead,aredhead6k@infoseek.co.jp,Male,27.147.30.164,-1.48
238,Marnia,Roma,mroma6l@cam.ac.uk,Female,88.114.42.162,1.31
239,Hollyanne,Santorini,hsantorini6m@hexun.com,Female,190.59.13.153,1.13
240,Windy,Spearett,wspearett6n@scientificamerican.com,Female,203.69.25.252,0.14
241,Stillman,Duffet,sduffet6o@reddit.com,Male,199.148.247.82,-0.55
242,Jervis,Salaman,jsalaman6p@twitter.com,Male,75.182.8.52,-1.3
243,Adrianne,Dobkin,adobkin6q@reverbnation.com,Female,74.217.185.11,-1.38
244,Inigo,Roalfe,iroalfe6r@answers.com,Male,8.245.246.160,0.74
245,Karoline,Clayal,kclayal6s@virginia.edu,Female,230.29.52.239,1.68
246,Riobard,Parsons,rparsons6t@vistaprint.com,Male,94.84.2.39,0.14
247,Barrett,Silverman,bsilverman6u@etsy.com,Male,144.109.169.1,-0.18
248,Owen,Dudney,odudney6v@theglobeandmail.com,Male,110.124.24.119,-1.59
249,Mordecai,Digger,mdigger6w@hostgator.com,Male,203.16.127.82,0.32
250,Milty,Rudyard,mrudyard6x@npr.org,Male,4.187.44.19,0.68
251,Eduardo,Corbin,ecorbin6y@utexas.edu,Male,89.3.52.99,0.89
252,Euphemia,Stood,estood6z@apache.org,Female,94.56.193.10,-0.01
253,Eugenius,Pane,epane70@sohu.com,Male,17.141.224.166,0.44
254,Wake,Aldam,waldam71@hao123.com,Male,223.252.208.112,-0.69
255,Troy,Slark,tslark72@bbc.co.uk,Male,187.186.146.171,0.03
256,Paulie,Haet,phaet73@weather.com,Female,15.68.63.157,0.06
257,Faber,Murdy,fmurdy74@microsoft.com,Male,34.227.34.48,0.61
258,Wallas,Cowland,wcowland75@geocities.jp,Male,81.239.103.122,-1.76
259,Hollyanne,Fintoph,hfintoph76@live.com,Female,72.218.150.237,-0.96
260,Hillie,Everill,heverill77@free.fr,Male,29.126.235.198,1.13
261,Darrel,Viegas,dviegas78@meetup.com,Male,181.72.89.136,0.26
262,Rochette,Steffans,rsteffans79@hao123.com,Female,201.175.84.136,-1.57
263,Florinda,Gerbl,fgerbl7a@wisc.edu,Female,84.112.57.150,-0.24
264,Valentina,Smeaton,vsmeaton7b@over-blog.com,Female,83.141.22.253,-2.26
265,Casper,de Leon,cdeleon7c@deviantart.com,Male,112.168.103.84,-0.42
266,Cort,Ditt,cditt7d@mapquest.com,Male,20.126.2.15,0.4
267,Hamid,Ovid,hovid7e@constantcontact.com,Male,190.153.94.181,-0.17
268,Daryle,Farran,dfarran7f@phoca.cz,Male,44.87.166.21,-1.67
269,Marius,Bamling,mbamling7g@answers.com,Male,63.230.138.78,-0.41
270,Mordy,Bliben,mbliben7h@youtu.be,Male,154.217.160.195,-0.31
271,Waverly,Vacher,wvacher7i@icq.com,Male,82.72.237.195,0.33
272,Josiah,Bewlay,jbewlay7j@nbcnews.com,Male,63.23.128.147,0.01
273,Thaxter,De Filippi,tdefilippi7k@chronoengine.com,Male,251.3.62.104,-1.14
274,Loralyn,Gallant,lgallant7l@weather.com,Female,3.63.30.5,0.41
275,Lisle,Reach,lreach7m@hibu.com,Male,33.189.198.40,0.35
276,Valenka,Cathcart,vcathcart7n@economist.com,Female,84.124.52.252,0.62
277,Danella,Bottrill,dbottrill7o@amazon.co.uk,Female,49.211.97.232,-1.19
278,Myra,Scales,mscales7p@goo.gl,Female,8.30.28.189,0.35
279,Harlin,Bathurst,hbathurst7q@google.ca,Male,67.169.57.84,-0.44
280,Asa,Tilsley,atilsley7r@blinklist.com,Male,236.207.83.53,1.14
281,Sandra,Windrass,swindrass7s@foxnews.com,Female,118.71.166.120,2.54
282,Kylen,Gehricke,kgehricke7t@abc.net.au,Female,242.180.78.17,0.2
283,Barry,Spadotto,bspadotto7u@meetup.com,Male,73.56.233.145,0.86
284,Issie,Airton,iairton7v@salon.com,Female,123.129.237.128,-0.05
285,Sayres,Rackam,srackam7w@taobao.com,Male,20.38.168.121,-0.02
286,Verine,Stewartson,vstewartson7x@mtv.com,Female,138.42.245.145,1.33
287,Payton,Artharg,partharg7y@epa.gov,Male,23.252.90.185,0.89
288,Elane,Porch,eporch7z@w3.org,Female,130.196.88.115,-0.72
289,Avery,Proudley,aproudley80@ca.gov,Male,21.72.12.141,0.91
290,Nikkie,Amis,namis81@youtube.com,Female,126.147.166.11,0.62
291,Raynell,Zorro,rzorro82@answers.com,Female,211.47.45.170,-0.67
292,Mordecai,Ianno,mianno83@tinyurl.com,Male,84.96.172.174,-1.33
293,Dolli,Cronin,dcronin84@cnn.com,Female,83.127.47.141,-0.66
294,Barrie,Ferryman,bferryman85@instagram.com,Female,131.207.243.119,-1.81
295,Caesar,Barthrop,cbarthrop86@squidoo.com,Male,193.93.187.164,-0.65
296,Gerianne,Orgen,gorgen87@state.gov,Female,172.124.105.138,0.85
297,Lorianna,Crampsey,lcrampsey88@noaa.gov,Female,75.87.165.16,0.18
298,Elvin,Sparke,esparke89@bluehost.com,Male,58.246.112.172,0.63
299,Jayme,Galer,jgaler8a@ehow.com,Male,236.32.87.189,-1.14
300,Cleo,Feather,cfeather8b@diigo.com,Female,207.36.11.107,0.12
301,Erskine,Dowty,edowty8c@businesswire.com,Male,62.65.73.38,-0.81
302,Albert,Thoresby,athoresby8d@guardian.co.uk,Male,93.58.104.41,-1.01
303,Lucila,Padbury,lpadbury8e@irs.gov,Female,249.47.92.173,-0.3
304,Gusti,Sprigg,gsprigg8f@redcross.org,Female,93.18.187.122,1.52
305,Kenny,Casaccio,kcasaccio8g@springer.com,Male,1.100.58.97,-1.3
306,Rae,Garn,rgarn8h@vkontakte.ru,Female,169.177.3.127,-0.01
307,Gaby,Feldhuhn,gfeldhuhn8i@reuters.com,Female,104.24.175.155,-0.17
308,Lombard,Chiplin,lchiplin8j@google.es,Male,206.93.80.224,0.65
309,Marsiella,Hollingsbee,mhollingsbee8k@washington.edu,Female,28.236.237.155,-0.64
310,Huberto,Schleicher,hschleicher8l@archive.org,Male,201.173.146.238,-0.56
311,Colin,Ullrich,cullrich8m@google.ca,Male,13.31.195.58,-1.59
312,Marjory,Quinane,mquinane8n@comsenz.com,Female,108.196.182.147,-0.54
313,Garrard,Leitch,gleitch8o@umn.edu,Male,131.87.154.212,0.42
314,Harriet,Rawlinson,hrawlinson8p@geocities.com,Female,205.189.172.178,0.58
315,Alix,Childe,achilde8q@infoseek.co.jp,Male,133.191.6.190,-0.18
316,Guglielmo,Loweth,gloweth8r@cbsnews.com,Male,112.126.17.73,0.92
317,Mair,Zwicker,mzwicker8s@cocolog-nifty.com,Female,48.147.210.186,-1.54
318,Zebadiah,Brandone,zbrandone8t@bigcartel.com,Male,161.9.233.154,0.05
319,Hamlin,Wilman,hwilman8u@booking.com,Male,238.232.223.190,-0.55
320,Augie,Willatts,awillatts8v@umich.edu,Male,84.227.52.22,0.03
321,Jeanie,Keetch,jkeetch8w@phoca.cz,Female,33.27.174.172,1.62
322,Sidonnie,Lazer,slazer8x@bing.com,Female,173.204.219.132,0.21
323,Selestina,Samett,ssamett8y@indiatimes.com,Female,239.32.60.71,-2.73
324,Clarita,Colten,ccolten8z@sina.com.cn,Female,124.214.147.248,0.64
325,Elsworth,Prandoni,eprandoni90@wufoo.com,Male,205.114.193.91,1.11
326,Daren,O'Lennachain,dolennachain91@sohu.com,Male,36.54.121.231,-0.55
327,Ariel,Tolley,atolley92@adobe.com,Female,111.151.85.46,0.48
328,Husain,Dukesbury,hdukesbury93@independent.co.uk,Male,69.94.168.10,-0.16
329,Susi,Naulls,snaulls94@amazon.de,Female,229.76.143.138,-0.4
330,Alexi,Loddon,aloddon95@cbslocal.com,Female,186.212.104.104,-0.81
331,Christopher,Symon,csymon96@multiply.com,Male,105.165.83.139,-0.73
332,Skippie,Byford,sbyford97@elegantthemes.com,Male,196.153.237.134,0.32
333,Hi,Maylor,hmaylor98@eepurl.com,Male,71.18.2.238,-0.15
334,Mariejeanne,Mayze,mmayze99@printfriendly.com,Female,165.17.92.39,0.65
335,Marne,Muddimer,mmuddimer9a@shinystat.com,Female,189.175.51.32,-1.13
336,Helenka,Coggin,hcoggin9b@mapy.cz,Female,29.127.98.189,-0.27
337,Jorrie,Gershom,jgershom9c@creativecommons.org,Female,88.215.211.223,-1.98
338,Karole,Camell,kcamell9d@ft.com,Female,194.74.94.34,0.26
339,Gunar,Petyanin,gpetyanin9e@cyberchimps.com,Male,200.7.183.165,0.13
340,Coop,Addis,caddis9f@elpais.com,Male,200.190.147.191,0.6
341,Faunie,Koubu,fkoubu9g@mozilla.com,Female,36.59.61.45,2.47
342,Dalt,Cowdery,dcowdery9h@google.co.jp,Male,206.134.38.38,0.3
343,Sigvard,Straker,sstraker9i@cbc.ca,Male,224.173.57.185,0.95
344,Bel,Houlahan,bhoulahan9j@redcross.org,Female,27.4.89.239,0.62
345,Angele,Ollarenshaw,aollarenshaw9k@yolasite.com,Female,63.51.128.51,0.58
346,Dom,Dantesia,ddantesia9l@bigcartel.com,Male,163.110.46.65,0.59
347,Vina,Gwilt,vgwilt9m@tuttocitta.it,Female,24.47.56.79,0.51
348,Ewart,Meharry,emeharry9n@unicef.org,Male,178.230.73.162,0.34
349,Tabby,Schuler,tschuler9o@google.fr,Male,146.149.235.220,1.84
350,Ardelis,Simko,asimko9p@tripod.com,Female,49.0.168.246,0.22
351,Simone,Lindenbaum,slindenbaum9q@wikimedia.org,Male,38.19.23.64,0.28
352,Roseanna,Tuite,rtuite9r@chron.com,Female,144.117.221.1,-0.95
353,Cosmo,Link,clink9s@samsung.com,Male,194.101.16.162,2.34
354,Sergei,Radleigh,sradleigh9t@wired.com,Male,179.124.89.191,-0.7
355,Rivkah,Roebottom,rroebottom9u@ebay.co.uk,Female,51.95.222.252,1.7
356,Les,Boscher,lboscher9v@dedecms.com,Male,243.226.48.184,0.02
357,Gypsy,Bachellier,gbachellier9w@usa.gov,Female,29.164.65.138,-0.35
358,Jourdain,Laxson,jlaxson9x@epa.gov,Male,244.173.181.143,0.24
359,Cy,Rama,crama9y@cornell.edu,Male,11.114.116.196,0.39
360,Wade,Anfosso,wanfosso9z@nature.com,Male,54.27.71.114,2.21
361,Sly,Van den Bosch,svandenboscha0@uiuc.edu,Male,191.27.40.33,0.6
362,Shela,Cholton,scholtona1@blogspot.com,Female,132.38.106.196,-0.45
363,Coleman,Soan,csoana2@epa.gov,Male,14.117.168.74,-1.28
364,Shelton,Cockrem,scockrema3@tripadvisor.com,Male,71.97.70.175,0.8
365,Erie,Beharrell,ebeharrella4@cornell.edu,Male,188.146.177.215,0.07
366,Natalina,Duckham,nduckhama5@indiatimes.com,Female,77.14.149.232,0.92
367,Smith,Murrey,smurreya6@360.cn,Male,155.52.210.78,0.24
368,Delly,Gai,dgaia7@wsj.com,Female,163.126.32.39,-0.75
369,Erasmus,Staddon,estaddona8@usgs.gov,Male,196.122.195.58,-0.63
370,Conway,MacDowal,cmacdowala9@ameblo.jp,Male,44.180.129.137,0.53
371,Joyous,Symones,jsymonesaa@independent.co.uk,Female,214.144.170.62,-0.49
372,Gauthier,Gudeman,ggudemanab@nature.com,Male,119.136.249.186,-0.14
373,Herrick,Reubens,hreubensac@cisco.com,Male,172.253.228.187,0.28
374,Ned,Blacklawe,nblacklawead@berkeley.edu,Male,232.0.219.227,1.97
375,Conrad,Hammatt,chammattae@go.com,Male,100.255.237.240,-0.46
376,Danielle,Kulvear,dkulvearaf@biglobe.ne.jp,Female,157.54.45.141,0.82
377,Starla,Phillp,sphillpag@reference.com,Female,29.44.226.168,1.02
378,Carlota,Brain,cbrainah@ucoz.com,Female,30.2.96.153,0.41
379,Tyson,Cordero,tcorderoai@oaic.gov.au,Male,249.247.63.5,-0.21
380,Melanie,Mullinger,mmullingeraj@nsw.gov.au,Female,212.229.153.183,1.22
381,Bancroft,Ivanovic,bivanovicak@weebly.com,Male,57.238.131.179,1.58
382,Herminia,Readmire,hreadmireal@state.tx.us,Female,82.121.216.38,-2.27
383,Obidiah,Downer,odowneram@google.ru,Male,210.227.227.227,1.97
384,Ignatius,Athelstan,iathelstanan@blog.com,Male,163.129.160.212,-0.38
385,Corbie,Crayk,ccraykao@gov.uk,Male,22.111.187.113,0.05
386,Felizio,Vise,fviseap@irs.gov,Male,254.19.62.245,-0.22
387,Kenny,Stannard,kstannardaq@ucsd.edu,Male,139.63.90.254,0.08
388,Ardath,Dumbleton,adumbletonar@noaa.gov,Female,81.54.45.58,-0.67
389,Adelbert,Burnet,aburnetas@marketwatch.com,Male,243.249.160.20,0.31
390,Ketty,Scotchmur,kscotchmurat@intel.com,Female,189.187.21.91,0.01
391,Lorant,Deniso,ldenisoau@un.org,Male,35.231.50.188,-0.57
392,Angelina,Kneale,aknealeav@go.com,Female,29.10.178.182,-0.07
393,Matthias,Blaase,mblaaseaw@gov.uk,Male,9.135.140.110,0.79
394,Sallie,Summersett,ssummersettax@wired.com,Female,245.207.25.84,0.35
395,Sterling,Stollenwerck,sstollenwerckay@smugmug.com,Male,239.176.114.188,-0.36
396,Gwendolin,Fulker,gfulkeraz@dedecms.com,Female,157.12.215.247,2.14
397,Colby,Hamflett,chamflettb0@icq.com,Male,153.35.131.123,1.78
398,Tobi,L' Estrange,tlestrangeb1@ifeng.com,Female,235.91.88.240,-0.09
399,Marsiella,Dikle,mdikleb2@jiathis.com,Female,63.248.205.201,1.75
400,Jenifer,Mor,jmorb3@cafepress.com,Female,130.80.199.189,-1.15
401,Pail,Sherston,psherstonb4@walmart.com,Male,243.111.58.40,0.72
402,Leese,Greengrass,lgreengrassb5@cargocollective.com,Female,95.96.132.24,0.31
403,Deanna,Gentile,dgentileb6@msu.edu,Female,179.54.116.241,0.67
404,Randolph,Dockrey,rdockreyb7@buzzfeed.com,Male,8.102.97.226,0.08
405,Claiborne,Covil,ccovilb8@narod.ru,Male,232.95.94.29,-0.4
406,Stephi,Starsmore,sstarsmoreb9@wsj.com,Female,174.163.62.200,-0.07
407,Damara,Ridings,dridingsba@imgur.com,Female,219.229.44.186,0.42
408,Austina,Juza,ajuzabb@canalblog.com,Female,208.227.118.234,0.01
409,Daron,Iddens,diddensbc@fda.gov,Male,208.39.206.77,-0.27
410,Concettina,Cristol,ccristolbd@sciencedaily.com,Female,7.165.122.13,-1.12
411,Perl,Keizman,pkeizmanbe@discovery.com,Female,143.63.124.241,0.06
412,Derrik,Saylor,dsaylorbf@typepad.com,Male,150.4.209.141,0.26
413,Killy,Merrilees,kmerrileesbg@xinhuanet.com,Male,233.234.97.204,0.07
414,Yalonda,Codrington,ycodringtonbh@berkeley.edu,Female,61.141.13.175,0.49
415,Aldridge,Borrell,aborrellbi@engadget.com,Male,140.248.121.193,0.35
416,Sandy,Yekel,syekelbj@wikipedia.org,Female,78.41.209.94,0.39
417,Nilson,Tripney,ntripneybk@netvibes.com,Male,149.114.98.250,0.7
418,Leonore,Ccomini,lccominibl@archive.org,Female,146.30.139.188,0.07
419,Jillane,Heppner,jheppnerbm@house.gov,Female,207.71.225.160,0.48
420,Louisa,Burg,lburgbn@rambler.ru,Female,35.252.122.118,2.97
421,Gerry,Fennick,gfennickbo@gizmodo.com,Male,116.93.78.74,-0.53
422,April,Giacopetti,agiacopettibp@psu.edu,Female,96.193.122.175,-1.46
423,Aimee,Lonsdale,alonsdalebq@nih.gov,Female,197.208.238.117,-1.84
424,Fancie,Albasiny,falbasinybr@hatena.ne.jp,Female,184.15.48.182,-1.0
425,Danila,Breckwell,dbreckwellbs@networkadvertising.org,Female,102.92.13.253,-0.96
426,Tabbie,Alaway,talawaybt@nhs.uk,Female,35.220.146.165,-2.32
427,Cointon,Beagrie,cbeagriebu@deviantart.com,Male,114.155.216.220,1.02
428,Mart,Hoggan,mhogganbv@wikimedia.org,Male,196.67.238.83,-0.75
429,Luce,Diver,ldiverbw@dailymotion.com,Male,182.202.27.171,-1.02
430,Pier,Hasted,phastedbx@discovery.com,Female,100.233.166.102,-0.56
431,Magdalene,Legendre,mlegendreby@amazon.co.jp,Female,224.192.224.21,-0.16
432,Ab,Radford,aradfordbz@wisc.edu,Male,111.72.215.153,0.94
433,Erina,Stedson,estedsonc0@engadget.com,Female,159.55.233.154,-0.38
434,Maurice,Gude,mgudec1@photobucket.com,Male,214.48.142.214,0.65
435,Corbet,Tuer,ctuerc2@bloglines.com,Male,164.20.75.171,0.67
436,Alyce,Tincombe,atincombec3@theguardian.com,Female,199.16.86.246,-0.23
437,Sadye,Burrass,sburrassc4@homestead.com,Female,105.4.135.255,-0.33
438,Zak,Rillatt,zrillattc5@ucla.edu,Male,27.115.56.119,-0.84
439,Aubine,O'Flaherty,aoflahertyc6@discuz.net,Female,175.49.56.66,-0.43
440,Karlyn,Chamney,kchamneyc7@unblog.fr,Female,182.19.162.73,0.52
441,Jilly,Sirl,jsirlc8@google.nl,Female,179.81.188.200,-1.17
442,Warde,Santer,wsanterc9@cbslocal.com,Male,109.99.32.205,-0.46
443,Holly,MacKaig,hmackaigca@cmu.edu,Male,126.50.161.219,0.27
444,Darcy,Feander,dfeandercb@oaic.gov.au,Female,228.55.8.221,0.89
445,Frederigo,Siegertsz,fsiegertszcc@state.gov,Male,136.83.161.254,-1.99
446,Judd,Winstanley,jwinstanleycd@tripadvisor.com,Male,9.213.147.188,-1.39
447,Flemming,Badsworth,fbadsworthce@acquirethisname.com,Male,26.40.228.171,-0.26
448,Morie,Cotilard,mcotilardcf@census.gov,Male,150.86.161.240,0.59
449,Livvy,Deeley,ldeeleycg@devhub.com,Female,173.246.168.159,0.03
450,Abbot,Egre,aegrech@gizmodo.com,Male,21.156.218.139,-0.03
451,Ashely,Bolley,abolleyci@bigcartel.com,Female,125.64.202.168,0.03
452,Arney,Velte,aveltecj@flavors.me,Male,96.159.73.197,1.75
453,Ferdie,Devereu,fdevereuck@abc.net.au,Male,148.108.204.76,0.69
454,Boigie,Killerby,bkillerbycl@google.com.au,Male,215.131.41.84,1.39
455,Agosto,Whiteley,awhiteleycm@alexa.com,Male,162.47.245.100,0.05
456,Edie,Gribben,egribbencn@deliciousdays.com,Female,217.185.51.243,-0.48
457,Anallise,Umpleby,aumplebyco@columbia.edu,Female,209.207.147.30,-1.5
458,Gothart,Kearton,gkeartoncp@ucsd.edu,Male,49.23.116.225,0.51
459,Allis,Giddons,agiddonscq@mediafire.com,Female,124.233.214.0,-0.49
460,Clarey,Toyne,ctoynecr@flavors.me,Female,226.83.64.243,-0.8
461,Kevyn,Flancinbaum,kflancinbaumcs@cbc.ca,Female,28.149.231.194,0.08
462,Darla,Gooderridge,dgooderridgect@sina.com.cn,Female,139.171.187.180,1.26
463,Paul,Leyson,pleysoncu@statcounter.com,Male,62.203.44.18,-0.01
464,Daune,Le Quesne,dlequesnecv@marriott.com,Female,109.245.190.225,-1.25
465,Tonie,Bruck,tbruckcw@vimeo.com,Female,199.187.99.248,0.17
466,Chrystal,Kingsnorth,ckingsnorthcx@vimeo.com,Female,186.1.68.188,-0.07
467,Jarad,Dunmuir,jdunmuircy@ycombinator.com,Male,160.187.171.29,-0.66
468,Darb,Swindles,dswindlescz@ow.ly,Female,182.91.8.232,2.02
469,Nickey,Chitson,nchitsond0@drupal.org,Male,158.50.231.71,-0.72
470,Druci,Vizor,dvizord1@pagesperso-orange.fr,Female,26.26.194.228,-1.25
471,Haleigh,Andrat,handratd2@walmart.com,Female,167.204.200.65,0.04
472,Flossi,Graves,fgravesd3@biglobe.ne.jp,Female,247.185.220.102,-1.43
473,Cesare,Redmire,credmired4@netlog.com,Male,240.181.44.187,-0.01
474,Eryn,Dalyiel,edalyield5@disqus.com,Female,81.15.212.135,0.39
475,Dorri,Sheardown,dsheardownd6@pen.io,Female,156.19.176.223,-1.71
476,Inna,Asser,iasserd7@techcrunch.com,Female,42.119.61.47,1.39
477,Elsey,Heaven,eheavend8@msu.edu,Female,169.218.193.150,-1.41
478,Nara,McLese,nmclesed9@issuu.com,Female,154.155.147.215,0.95
479,Sapphire,Bernardot,sbernardotda@blogs.com,Female,95.115.148.198,-1.68
480,Larissa,Atthow,latthowdb@shinystat.com,Female,154.133.86.220,-0.57
481,Kippy,Balstone,kbalstonedc@ycombinator.com,Female,86.51.29.94,-1.78
482,Northrop,Wathan,nwathandd@multiply.com,Male,246.238.161.188,1.16
483,Jules,Penchen,jpenchende@bloglines.com,Male,117.142.168.103,1.11
484,Clementius,Lerner,clernerdf@nature.com,Male,106.171.135.168,-0.52
485,Marney,Stare,mstaredg@uol.com.br,Female,228.243.117.78,0.16
486,Bernard,Hebditch,bhebditchdh@hatena.ne.jp,Male,165.176.24.198,-0.45
487,Harrison,Connock,hconnockdi@eventbrite.com,Male,252.120.190.235,0.24
488,Hubie,Gateman,hgatemandj@edublogs.org,Male,52.93.45.105,0.36
489,Hedi,Esterbrook,hesterbrookdk@naver.com,Female,157.253.54.57,-0.41
490,Vina,McCorrie,vmccorriedl@theatlantic.com,Female,170.53.10.167,0.19
491,Waneta,Lavallie,wlavalliedm@topsy.com,Female,163.249.174.120,-0.12
492,Egan,Gilphillan,egilphillandn@paypal.com,Male,39.21.66.235,-1.63
493,Gabi,Arents,garentsdo@goodreads.com,Male,120.135.232.71,-0.56
494,Cristian,Stammler,cstammlerdp@columbia.edu,Male,7.85.106.138,0.2
495,Aymer,Younghusband,ayounghusbanddq@paypal.com,Male,26.32.113.144,-0.15
496,Danya,Loughhead,dloughheaddr@netscape.com,Male,119.144.227.236,0.15
497,Fairlie,Walsh,fwalshds@toplist.cz,Male,71.181.222.37,-0.97
498,Paddie,Chipping,pchippingdt@intel.com,Male,103.223.0.124,0.19
499,Vivyanne,Teodori,vteodoridu@accuweather.com,Female,67.3.129.44,-1.7
500,Valentia,Cartmale,vcartmaledv@mapy.cz,Female,212.182.241.49,-1.61
501,Yanaton,Duplan,yduplandw@github.io,Male,7.51.119.126,1.73
502,Cicely,Kienlein,ckienleindx@reddit.com,Female,82.75.90.199,0.91
503,Lolly,Gurge,lgurgedy@w3.org,Female,121.109.214.110,-0.3
504,Camey,O'Loughnan,coloughnandz@ft.com,Male,246.214.67.17,-0.81
505,Upton,Bennoe,ubennoee0@stanford.edu,Male,236.251.39.94,-1.3
506,Lucho,Aspy,laspye1@wp.com,Male,190.94.200.34,-0.18
507,Chet,Joyes,cjoyese2@sfgate.com,Male,243.233.66.164,1.05
508,Evangelia,Linthead,elintheade3@wunderground.com,Female,72.87.90.103,1.37
509,Josefina,Chopy,jchopye4@yellowpages.com,Female,251.168.25.227,0.31
510,Jasmine,Fayers,jfayerse5@virginia.edu,Female,135.87.0.132,-0.41
511,Bentlee,Zanioletti,bzaniolettie6@skyrock.com,Male,70.65.241.153,0.03
512,Jannel,Marc,jmarce7@mashable.com,Female,60.11.66.27,1.61
513,Frederica,Spileman,fspilemane8@cbsnews.com,Female,121.169.139.65,-1.06
514,Mattheus,Abrahmson,mabrahmsone9@miibeian.gov.cn,Male,250.134.96.215,-1.51
515,Ede,Lindbergh,elindberghea@buzzfeed.com,Female,71.83.111.34,0.42
516,Gilbert,Espinet,gespineteb@sohu.com,Male,107.234.225.91,-0.63
517,Valentine,Coulthart,vcoulthartec@a8.net,Male,100.0.20.53,-1.63
518,Floris,Bamsey,fbamseyed@artisteer.com,Female,133.33.214.243,-0.61
519,Carce,Wasson,cwassonee@patch.com,Male,202.27.113.118,-0.21
520,Damien,Mc Corley,dmccorleyef@blogger.com,Male,154.255.149.23,0.65
521,Marcel,Stiller,mstillereg@nps.gov,Male,129.149.33.155,0.44
522,Laurianne,Simchenko,lsimchenkoeh@cnn.com,Female,61.61.214.126,0.6
523,Gradey,Glasper,gglasperei@senate.gov,Male,65.106.236.149,0.11
524,Andrej,Gratten,agrattenej@yahoo.com,Male,250.46.119.229,-0.49
525,Katuscha,Ricard,kricardek@storify.com,Female,17.120.219.39,-1.98
526,Arline,Scougal,ascougalel@cbc.ca,Female,213.150.24.226,-0.64
527,Lezley,Sellers,lsellersem@yelp.com,Male,120.133.147.55,-1.12
528,Alva,Camber,acamberen@economist.com,Male,126.13.242.135,2.05
529,Ferdinanda,Hoxey,fhoxeyeo@opera.com,Female,156.53.182.56,0.3
530,Maudie,Cadagan,mcadaganep@nps.gov,Female,56.109.26.226,0.45
531,Zorina,MacGinley,zmacginleyeq@elpais.com,Female,186.111.20.23,-0.15
532,Delilah,Pile,dpileer@chicagotribune.com,Female,161.7.65.7,2.05
533,Lyle,Blatherwick,lblatherwickes@ebay.com,Male,253.15.130.123,-1.13
534,Harriett,Sturgess,hsturgesset@xing.com,Female,17.1.195.139,-0.63
535,Vachel,Cicccitti,vcicccittieu@yandex.ru,Male,103.102.114.155,0.86
536,Tabbi,McCullough,tmcculloughev@admin.ch,Female,221.24.107.185,-0.8
537,Panchito,Seys,pseysew@ucsd.edu,Male,151.76.229.45,-0.45
538,Roselle,Astbury,rastburyex@bbb.org,Female,84.190.173.132,1.35
539,Ignacius,Grangier,igrangierey@over-blog.com,Male,222.91.157.18,0.14
540,Barbabra,Rosoman,brosomanez@unesco.org,Female,81.219.45.86,0.37
541,Quintus,Lalevee,qlaleveef0@buzzfeed.com,Male,177.70.25.38,0.06
542,Alfreda,Scholey,ascholeyf1@arizona.edu,Female,104.5.201.116,0.76
543,Abbe,Dolton,adoltonf2@google.it,Female,171.80.90.9,0.68
544,Querida,Garr,qgarrf3@163.com,Female,213.113.75.101,-1.66
545,Benyamin,Berkowitz,bberkowitzf4@soup.io,Male,95.241.49.199,-0.99
546,Valeria,Tackett,vtackettf5@vk.com,Female,60.224.145.250,-0.73
547,Celinka,Mulholland,cmulhollandf6@time.com,Female,116.73.44.232,2.46
548,Meggy,Baseley,mbaseleyf7@bandcamp.com,Female,115.7.255.102,-1.79
549,Susanetta,Zorzin,szorzinf8@google.nl,Female,45.160.7.84,1.44
550,Kerwinn,Garvagh,kgarvaghf9@google.com.br,Male,236.238.52.99,-0.22
551,Inga,Trewartha,itrewarthafa@loc.gov,Female,154.40.194.200,-0.61
552,Theo,Danilchik,tdanilchikfb@cnbc.com,Male,150.13.96.164,-0.2
553,Ailene,Langley,alangleyfc@aboutads.info,Female,82.35.240.76,-0.54
554,Jaime,Ohms,johmsfd@merriam-webster.com,Male,150.97.72.246,-0.83
555,Estevan,Carrivick,ecarrivickfe@toplist.cz,Male,192.10.160.51,0.93
556,Kordula,Pavlasek,kpavlasekff@tripadvisor.com,Female,130.186.136.165,0.72
557,Candie,Mebes,cmebesfg@weibo.com,Female,146.139.133.98,-0.63
558,Francine,Alvarado,falvaradofh@indiatimes.com,Female,238.202.1.30,0.8
559,Rodie,Wycliff,rwyclifffi@arstechnica.com,Female,134.129.53.185,0.21
560,Sherill,Venneur,svenneurfj@desdev.cn,Female,44.37.180.34,-2.67
561,Marshall,Wallbridge,mwallbridgefk@hatena.ne.jp,Male,228.204.41.62,-0.46
562,Trista,Kornyshev,tkornyshevfl@a8.net,Female,7.144.244.72,0.11
563,Lizabeth,Ordidge,lordidgefm@dropbox.com,Female,38.61.250.96,0.45
564,Meredith,Antoszewski,mantoszewskifn@phoca.cz,Male,71.53.142.51,-0.37
565,Susanne,Rogans,srogansfo@storify.com,Female,237.189.253.6,-0.6
566,Cloris,Jans,cjansfp@tumblr.com,Female,48.244.117.140,0.34
567,Payton,Phizaclea,pphizacleafq@ning.com,Male,42.74.158.156,-0.72
568,Galvin,Powe,gpowefr@squarespace.com,Male,226.149.29.246,-0.39
569,Timothy,Tomasik,ttomasikfs@bloglines.com,Male,226.208.252.104,-0.15
570,Tabbitha,Gashion,tgashionft@nationalgeographic.com,Female,63.5.53.141,-0.86
571,Collen,Hatz,chatzfu@slate.com,Female,35.64.220.104,-0.2
572,Matthieu,Basford,mbasfordfv@linkedin.com,Male,131.107.17.107,-0.01
573,Vaughan,Longmead,vlongmeadfw@nymag.com,Male,130.197.38.157,1.7
574,Keven,Want,kwantfx@redcross.org,Male,133.80.245.44,-0.44
575,Lammond,Bambrough,lbambroughfy@zdnet.com,Male,38.116.68.2,0.53
576,Jessika,Mateos,jmateosfz@vk.com,Female,114.116.86.40,1.82
577,Ingunna,Pheby,iphebyg0@java.com,Female,81.167.23.115,-1.73
578,Anna-diana,Southerns,asouthernsg1@opera.com,Female,172.201.107.25,-2.39
579,Greggory,Gorries,ggorriesg2@discuz.net,Male,123.165.222.208,-0.63
580,Sophronia,Goburn,sgoburng3@nsw.gov.au,Female,62.177.135.159,2.12
581,Lil,Pehrsson,lpehrssong4@w3.org,Female,248.90.154.170,-1.2
582,Maryrose,Dumphrey,mdumphreyg5@spotify.com,Female,251.188.203.30,1.08
583,Jose,Fehners,jfehnersg6@spiegel.de,Male,154.156.16.112,-0.47
584,Virgina,Larraway,vlarrawayg7@hhs.gov,Female,211.99.239.36,0.92
585,Crin,McKall,cmckallg8@mashable.com,Female,246.5.132.85,0.79
586,Devi,Bwy,dbwyg9@sogou.com,Female,73.244.169.172,0.17
587,Duffy,Habishaw,dhabishawga@vimeo.com,Male,208.239.156.237,-0.6
588,Arturo,Markl,amarklgb@tmall.com,Male,198.197.201.148,-1.49
589,Thorstein,Curnick,tcurnickgc@latimes.com,Male,52.200.185.165,0.6
590,Nicol,Gariff,ngariffgd@diigo.com,Female,207.32.25.163,1.26
591,Waiter,MacKim,wmackimge@imgur.com,Male,150.52.24.254,0.36
592,Vernor,Ducastel,vducastelgf@wp.com,Male,119.145.66.11,0.14
593,Valaree,Corona,vcoronagg@telegraph.co.uk,Female,253.32.64.225,2.04
594,Fabien,Aldcorne,faldcornegh@unc.edu,Male,70.2.92.71,-1.09
595,Merla,Shingler,mshinglergi@gov.uk,Female,204.108.156.17,-0.47
596,Guenna,Simo,gsimogj@g.co,Female,6.128.190.22,-0.08
597,Bron,Gerty,bgertygk@reuters.com,Male,245.118.38.53,-1.43
598,Yorker,Spraggs,yspraggsgl@dagondesign.com,Male,79.227.74.136,-1.43
599,Ellyn,Bilston,ebilstongm@ebay.co.uk,Female,191.131.11.157,-0.0
600,Germain,Boffey,gboffeygn@va.gov,Male,16.123.229.148,0.61
601,Eydie,Steels,esteelsgo@theatlantic.com,Female,181.177.115.90,0.14
602,Prent,Klisch,pklischgp@pcworld.com,Male,123.44.2.147,1.95
603,Lillis,Kornousek,lkornousekgq@hc360.com,Female,56.13.103.233,0.16
604,Ulrich,Breacher,ubreachergr@oakley.com,Male,110.116.233.87,0.03
605,Hamilton,Castro,hcastrogs@flickr.com,Male,80.94.186.233,-0.35
606,Judd,Cornborough,jcornboroughgt@blogs.com,Male,234.232.230.17,-1.09
607,Lorettalorna,Boskell,lboskellgu@issuu.com,Female,109.135.178.103,0.56
608,Briney,Mockler,bmocklergv@nbcnews.com,Female,23.7.102.220,0.6
609,Kristien,Shovelin,kshovelingw@squarespace.com,Female,141.234.152.82,0.14
610,Martica,Toffolini,mtoffolinigx@parallels.com,Female,83.185.162.26,-0.46
611,Ingrid,Capp,icappgy@loc.gov,Female,231.207.52.206,-0.62
612,Michail,Sampey,msampeygz@chicagotribune.com,Male,41.136.25.12,1.05
613,Zia,Bogges,zboggesh0@apple.com,Female,24.85.42.93,1.15
614,Ambrosi,Lawlance,alawlanceh1@oracle.com,Male,124.72.171.16,0.28
615,Barnabe,Sickert,bsickerth2@reverbnation.com,Male,29.213.214.136,-0.57
616,Josh,Jolin,jjolinh3@ibm.com,Male,215.248.17.210,0.33
617,Robin,Gomby,rgombyh4@bluehost.com,Male,190.18.85.186,1.03
618,Georgetta,Ewin,gewinh5@blogtalkradio.com,Female,166.206.108.154,0.12
619,Aili,Blampey,ablampeyh6@mysql.com,Female,220.16.249.153,1.83
620,Hansiain,Bazire,hbazireh7@miibeian.gov.cn,Male,73.188.6.63,-2.02
621,Maurizio,Poltone,mpoltoneh8@sciencedaily.com,Male,43.240.82.139,-0.35
622,Eugenius,Stockman,estockmanh9@thetimes.co.uk,Male,27.222.140.101,1.58
623,Cosimo,Muncie,cmuncieha@archive.org,Male,114.237.167.202,0.6
624,Esme,Maliffe,emaliffehb@wordpress.org,Male,88.239.81.145,0.8
625,Phedra,Dunnaway,pdunnawayhc@newyorker.com,Female,19.117.97.251,1.1
626,Zaneta,Porson,zporsonhd@studiopress.com,Female,75.159.83.131,0.19
627,Leigha,Strelitzer,lstrelitzerhe@flickr.com,Female,205.39.56.52,0.42
628,Carlie,Garrity,cgarrityhf@domainmarket.com,Female,109.209.135.26,-0.03
629,Nananne,Mahaffey,nmahaffeyhg@guardian.co.uk,Female,89.143.7.145,0.07
630,Marje,Dyster,mdysterhh@youtu.be,Female,85.107.173.185,0.07
631,Tye,Fenwick,tfenwickhi@forbes.com,Male,213.128.217.13,-0.99
632,Abie,Poutress,apoutresshj@dyndns.org,Male,150.129.6.218,-0.62
633,Velma,Inott,vinotthk@blog.com,Female,70.248.63.117,0.26
634,Christie,Sheridan,csheridanhl@usda.gov,Female,12.104.224.126,1.38
635,Estevan,Mountain,emountainhm@google.pl,Male,217.190.149.5,-0.67
636,Robena,Loukes,rloukeshn@parallels.com,Female,15.13.223.9,-0.11
637,Stan,Martins,smartinsho@so-net.ne.jp,Male,171.228.146.40,0.89
638,Hatty,Peatman,hpeatmanhp@infoseek.co.jp,Female,40.175.50.37,-2.89
639,Yancey,Marchington,ymarchingtonhq@pagesperso-orange.fr,Male,64.102.245.188,-0.8
640,Christel,Imbrey,cimbreyhr@google.com.hk,Female,4.10.84.36,-0.31
641,Hadleigh,Etchells,hetchellshs@yahoo.co.jp,Male,210.90.38.148,-0.67
642,Inness,Champney,ichampneyht@jugem.jp,Male,126.69.190.78,0.63
643,Dario,Trippack,dtrippackhu@zdnet.com,Male,12.246.111.60,0.29
644,Carrissa,Ithell,cithellhv@wikia.com,Female,242.191.201.200,-0.56
645,Terence,Doveston,tdovestonhw@vistaprint.com,Male,120.86.161.147,-0.08
646,Leroi,Schapero,lschaperohx@yellowpages.com,Male,191.37.34.196,-1.33
647,Joyous,Hammett,jhammetthy@webs.com,Female,6.103.139.106,0.83
648,Lynn,Cluitt,lcluitthz@wordpress.org,Female,84.120.199.205,0.66
649,Eachelle,Trebbett,etrebbetti0@who.int,Female,224.185.252.35,-1.13
650,Sharla,Minette,sminettei1@quantcast.com,Female,108.195.31.37,-1.54
651,Torin,Biset,tbiseti2@hao123.com,Male,22.22.12.213,-0.42
652,Tess,Dunlop,tdunlopi3@ca.gov,Female,114.204.225.22,-0.23
653,Fredrika,Brewerton,fbrewertoni4@marriott.com,Female,9.231.4.200,0.25
654,Wynny,Berr,wberri5@dailymotion.com,Female,177.208.71.58,-0.08
655,Fanchon,Simmance,fsimmancei6@diigo.com,Female,4.201.7.202,-0.82
656,Jakie,Aguirrezabal,jaguirrezabali7@phpbb.com,Male,227.95.216.52,0.67
657,Hallie,Thresher,hthresheri8@cmu.edu,Female,85.37.166.49,-0.94
658,Nicolina,Basso,nbassoi9@naver.com,Female,37.97.1.255,-0.44
659,Christie,Muge,cmugeia@indiatimes.com,Female,232.208.189.148,-1.37
660,Deny,Scarsbrick,dscarsbrickib@barnesandnoble.com,Female,224.114.211.241,0.48
661,Gertruda,Attaway,gattawayic@exblog.jp,Female,124.130.45.103,-1.16
662,Nial,McMillan,nmcmillanid@about.com,Male,50.4.180.248,-2.07
663,Reynard,Searby,rsearbyie@unc.edu,Male,129.232.9.2,0.58
664,Rip,Tremollet,rtremolletif@is.gd,Male,215.58.76.237,-0.43
665,Waldon,McPhee,wmcpheeig@ifeng.com,Male,217.74.129.221,-1.99
666,Delcina,Wiggans,dwiggansih@slate.com,Female,158.104.77.73,0.87
667,Camille,Morison,cmorisonii@eepurl.com,Female,0.2.32.52,2.72
668,Al,Rodway,arodwayij@ow.ly,Male,84.65.164.191,1.67
669,Pearl,Polle,ppolleik@sakura.ne.jp,Female,10.80.201.18,-0.4
670,Hakim,Finlow,hfinlowil@hhs.gov,Male,79.85.246.136,1.05
671,Winslow,Boig,wboigim@feedburner.com,Male,163.131.127.11,1.98
672,Salvador,Pollendine,spollendinein@si.edu,Male,95.14.147.154,2.32
673,Urson,Kinnerley,ukinnerleyio@businessinsider.com,Male,188.210.249.188,-0.36
674,Dolley,Szimoni,dszimoniip@tamu.edu,Female,58.144.10.118,0.08
675,Keelia,Nutting,knuttingiq@google.ca,Female,200.66.112.216,0.74
676,Tobit,Dulling,tdullingir@springer.com,Male,152.157.217.216,1.5
677,Lenard,Bocock,lbocockis@shutterfly.com,Male,30.39.4.180,0.87
678,Christin,Garstan,cgarstanit@vimeo.com,Female,251.56.197.69,-0.08
679,Madonna,Jalland,mjallandiu@blogspot.com,Female,83.230.232.20,-0.48
680,Celeste,Pinkerton,cpinkertoniv@mediafire.com,Female,63.118.194.231,0.27
681,Lucho,Geoghegan,lgeogheganiw@eepurl.com,Male,63.108.69.145,-0.09
682,Candace,Woofenden,cwoofendenix@ifeng.com,Female,70.151.130.54,0.32
683,Jeanette,Bonaire,jbonaireiy@utexas.edu,Female,139.173.236.123,0.9
684,Glenn,Maccree,gmaccreeiz@ucoz.ru,Male,28.121.242.203,0.71
685,Raddie,Vango,rvangoj0@wp.com,Male,9.36.222.26,-0.8
686,Tully,Kopp,tkoppj1@europa.eu,Male,72.251.193.68,-0.48
687,Belvia,Durbann,bdurbannj2@icio.us,Female,253.100.214.141,-0.14
688,Barny,Meininking,bmeininkingj3@imageshack.us,Male,148.210.148.200,-1.33
689,Evita,Stryde,estrydej4@list-manage.com,Female,182.68.190.35,-1.53
690,Roselin,Racher,rracherj5@hatena.ne.jp,Female,52.114.241.123,-0.88
691,Tammy,Grimme,tgrimmej6@studiopress.com,Male,252.214.49.178,0.38
692,Aretha,Greenham,agreenhamj7@infoseek.co.jp,Female,208.202.87.150,-1.19
693,Hyacintha,Maren,hmarenj8@printfriendly.com,Female,147.117.239.233,0.01
694,Winnah,Gosnell,wgosnellj9@cbslocal.com,Female,104.78.146.216,0.61
695,Reynold,Blampied,rblampiedja@plala.or.jp,Male,174.56.111.127,2.36
696,Dot,McClenaghan,dmcclenaghanjb@pinterest.com,Female,34.246.166.141,-0.13
697,Zulema,Seller,zsellerjc@tmall.com,Female,234.118.8.135,0.75
698,Brinn,Creebo,bcreebojd@slashdot.org,Female,139.107.142.217,1.15
699,Sybila,Goodbur,sgoodburje@usnews.com,Female,220.152.250.137,-1.23
700,Gray,Blowing,gblowingjf@ft.com,Female,84.254.137.73,-1.08
701,Byrom,Pendrick,bpendrickjg@mysql.com,Male,171.87.102.53,-0.15
702,Agatha,Hainey`,ahaineyjh@paypal.com,Female,64.218.111.224,0.1
703,Anny,Josowitz,ajosowitzji@artisteer.com,Female,140.23.186.123,1.01
704,Corbett,Haggleton,chaggletonjj@is.gd,Male,190.43.25.235,-0.55
705,Dew,Matthewes,dmatthewesjk@posterous.com,Male,209.175.225.166,0.74
706,Andres,Huyche,ahuychejl@canalblog.com,Male,218.250.125.254,-0.06
707,Ashli,Pritchitt,apritchittjm@xinhuanet.com,Female,252.108.203.74,0.45
708,Madelene,Devericks,mdevericksjn@bloomberg.com,Female,15.78.139.52,0.49
709,Kikelia,Gaunt,kgauntjo@phpbb.com,Female,81.145.138.14,1.93
710,Bondy,Bortolozzi,bbortolozzijp@census.gov,Male,71.115.2.86,1.28
711,Raimondo,Purver,rpurverjq@earthlink.net,Male,34.249.224.202,-0.45
712,Ricky,Furphy,rfurphyjr@marriott.com,Male,62.35.53.181,-0.57
713,Robbie,Gilbody,rgilbodyjs@sina.com.cn,Male,254.200.159.105,-0.27
714,Sile,Rickman,srickmanjt@msn.com,Female,247.189.11.233,0.42
715,Beck,O'Kieran,bokieranju@tiny.cc,Male,65.158.210.172,0.42
716,Emilia,Benjefield,ebenjefieldjv@auda.org.au,Female,12.15.180.171,-1.22
717,Darla,Racine,dracinejw@feedburner.com,Female,21.190.125.208,0.12
718,Virginie,Ohm,vohmjx@wikimedia.org,Female,126.155.134.34,0.51
719,Carol,Bernardotti,cbernardottijy@prlog.org,Female,7.230.38.164,1.36
720,Yorke,Sykes,ysykesjz@webs.com,Male,146.2.32.152,-0.47
721,Grazia,Neeve,gneevek0@java.com,Female,139.106.250.112,-0.26
722,Noella,Caseborne,ncasebornek1@epa.gov,Female,112.107.171.20,0.33
723,Tiler,McAster,tmcasterk2@webeden.co.uk,Male,173.250.59.1,-1.43
724,Joaquin,Golling,jgollingk3@mysql.com,Male,171.65.109.71,0.1
725,Brennen,Geard,bgeardk4@adobe.com,Male,141.219.70.49,1.51
726,Noach,Sleath,nsleathk5@yellowbook.com,Male,50.196.33.108,0.32
727,Brad,Brownsell,bbrownsellk6@histats.com,Male,91.101.131.250,0.68
728,Aldric,Hendron,ahendronk7@webmd.com,Male,166.38.147.116,-0.61
729,Brewster,Dionisio,bdionisiok8@pagesperso-orange.fr,Male,187.204.32.64,-1.05
730,Haskell,Kennler,hkennlerk9@dropbox.com,Male,78.219.101.41,0.32
731,Gwendolin,Frandsen,gfrandsenka@i2i.jp,Female,107.94.173.5,0.98
732,Chan,Drayn,cdraynkb@tuttocitta.it,Male,66.29.141.251,-0.45
733,Etheline,Norsworthy,enorsworthykc@miitbeian.gov.cn,Female,165.110.42.229,-0.59
734,Carly,Guymer,cguymerkd@prnewswire.com,Female,209.206.94.107,0.71
735,Hillel,Orta,hortake@shinystat.com,Male,171.143.189.114,1.23
736,Jerrie,Skelly,jskellykf@yandex.ru,Male,53.67.112.101,0.19
737,Sophie,Ivison,sivisonkg@cbc.ca,Female,31.88.44.108,-1.16
738,Arlana,Kinman,akinmankh@microsoft.com,Female,212.239.145.34,0.51
739,Christy,Ayliffe,cayliffeki@illinois.edu,Male,172.133.77.214,-0.55
740,Kata,Suthren,ksuthrenkj@comsenz.com,Female,5.97.18.91,-0.25
741,Sherlock,Macken,smackenkk@vinaora.com,Male,28.254.208.101,1.27
742,Amabelle,Hursthouse,ahursthousekl@goo.gl,Female,67.6.189.45,-1.56
743,Stevie,Eliasson,seliassonkm@msu.edu,Male,25.216.56.94,-0.01
744,Hobey,Margetson,hmargetsonkn@scientificamerican.com,Male,39.50.77.78,-0.82
745,Basilius,Fitton,bfittonko@taobao.com,Male,137.192.100.135,-0.1
746,Fanni,Marshall,fmarshallkp@blogger.com,Female,207.247.99.210,-0.99
747,Jacintha,Ledwith,jledwithkq@arstechnica.com,Female,34.0.248.161,-0.68
748,Ganny,Guarnier,gguarnierkr@wikimedia.org,Male,41.147.32.75,-0.73
749,Cthrine,Lock,clockks@sciencedirect.com,Female,182.131.171.3,0.32
750,Alexandra,Tout,atoutkt@timesonline.co.uk,Female,163.29.142.105,-1.11
751,Genny,Leahy,gleahyku@apache.org,Female,154.165.182.23,0.57
752,Malena,Looney,mlooneykv@walmart.com,Female,186.117.251.19,1.46
753,Alonzo,Hawford,ahawfordkw@ox.ac.uk,Male,150.36.218.172,-2.61
754,Shelli,Yvens,syvenskx@timesonline.co.uk,Female,204.156.66.54,1.0
755,Hervey,Berfoot,hberfootky@sun.com,Male,120.239.221.128,-1.08
756,Hersch,Macer,hmacerkz@shop-pro.jp,Male,13.189.67.213,-0.14
757,Hale,Linneman,hlinnemanl0@phpbb.com,Male,214.113.21.69,-0.55
758,Inness,Whittenbury,iwhittenburyl1@stanford.edu,Male,117.168.208.225,0.68
759,Aluino,Swale,aswalel2@blogspot.com,Male,10.22.76.221,-0.91
760,Mata,Seath,mseathl3@parallels.com,Male,211.83.71.82,-0.51
761,Ronnie,Elsey,relseyl4@google.ru,Male,21.176.135.195,0.31
762,Syd,Casaletto,scasalettol5@intel.com,Male,249.228.39.149,0.93
763,Wittie,Wilkinson,wwilkinsonl6@illinois.edu,Male,215.40.164.175,0.95
764,Idalina,Graundisson,igraundissonl7@unesco.org,Female,243.252.60.41,-0.92
765,Orazio,Leeds,oleedsl8@bravesites.com,Male,135.210.56.239,-0.01
766,Arch,Marritt,amarrittl9@ucoz.com,Male,219.41.223.251,1.67
767,Dirk,Catenot,dcatenotla@facebook.com,Male,245.57.68.67,-2.02
768,Scott,Rome,sromelb@a8.net,Male,208.186.35.112,-0.54
769,Edgar,Smouten,esmoutenlc@rediff.com,Male,201.242.77.250,-0.12
770,Adan,Rowney,arowneyld@ehow.com,Female,66.226.126.67,0.49
771,Coriss,Benko,cbenkole@plala.or.jp,Female,103.177.180.255,-0.95
772,Gaby,Hoyland,ghoylandlf@feedburner.com,Female,171.253.254.207,-2.33
773,Carlen,Hollyman,chollymanlg@cafepress.com,Female,227.88.0.125,0.61
774,Ethelind,Aizic,eaiziclh@wordpress.org,Female,88.78.219.140,-1.12
775,Frances,Friar,ffriarli@paypal.com,Female,23.251.114.123,0.17
776,Armstrong,Hazlegrove,ahazlegrovelj@goodreads.com,Male,150.53.82.244,0.99
777,Hadleigh,Stradling,hstradlinglk@a8.net,Male,188.178.19.153,2.13
778,Irwin,Stockow,istockowll@ameblo.jp,Male,246.147.46.181,0.01
779,Olav,Hartigan,ohartiganlm@google.com.au,Male,191.82.57.184,-0.68
780,Sasha,Thaine,sthaineln@weather.com,Male,101.5.152.116,-0.25
781,Phillipp,Nasey,pnaseylo@webeden.co.uk,Male,115.105.160.131,-1.19
782,Fergus,Ivkovic,fivkoviclp@freewebs.com,Male,199.136.107.232,-1.2
783,Katey,Broomer,kbroomerlq@bluehost.com,Female,90.120.243.6,1.36
784,Menard,Albarez,malbarezlr@qq.com,Male,144.31.121.173,0.64
785,Callie,Tanby,ctanbyls@meetup.com,Female,246.252.221.109,-1.94
786,Gloria,Akrigg,gakrigglt@soundcloud.com,Female,22.91.112.213,0.42
787,Codee,Hayman,chaymanlu@wisc.edu,Female,167.212.103.64,0.95
788,Dana,Bignall,dbignalllv@icq.com,Male,68.133.63.190,0.59
789,Ailbert,Biglin,abiglinlw@telegraph.co.uk,Male,106.255.63.129,0.04
790,Connor,Lambird,clambirdlx@weebly.com,Male,237.201.72.62,0.29
791,Nevin,Garron,ngarronly@mit.edu,Male,12.70.110.226,0.88
792,Evangelin,Vannikov,evannikovlz@bigcartel.com,Female,194.60.7.214,-0.56
793,Vern,Beton,vbetonm0@nih.gov,Male,185.61.64.97,-0.29
794,Miner,Eddisford,meddisfordm1@deliciousdays.com,Male,102.143.172.100,-0.04
795,Sarene,Gerriet,sgerrietm2@google.it,Female,45.220.149.30,1.62
796,Letizia,Downer,ldownerm3@dion.ne.jp,Female,183.149.101.163,-2.02
797,Marin,Windmill,mwindmillm4@eventbrite.com,Female,151.98.130.180,0.77
798,Rosabella,Ellum,rellumm5@ucsd.edu,Female,204.9.188.47,0.88
799,Graehme,Rapelli,grapellim6@addtoany.com,Male,102.191.89.202,1.92
800,Mark,Mindenhall,mmindenhallm7@harvard.edu,Male,241.219.223.250,-0.55
801,Sollie,Quinton,squintonm8@naver.com,Male,165.1.216.38,2.75
802,Seumas,Eayres,seayresm9@deliciousdays.com,Male,176.33.53.201,2.26
803,Jerri,Biddlecombe,jbiddlecombema@hubpages.com,Male,147.56.162.4,-0.13
804,Bary,Emberson,bembersonmb@ibm.com,Male,42.92.63.138,-1.21
805,Cyrille,Barnsdall,cbarnsdallmc@google.com.br,Male,131.225.118.76,1.02
806,Durante,Torns,dtornsmd@storify.com,Male,135.14.218.201,0.21
807,Glennie,Hayhow,ghayhowme@blogs.com,Female,250.177.82.119,0.79
808,Shermie,Skittrell,sskittrellmf@360.cn,Male,84.24.239.181,-1.54
809,El,Kearns,ekearnsmg@networkadvertising.org,Male,178.222.179.164,0.09
810,Artemus,Walrond,awalrondmh@is.gd,Male,122.87.214.53,-1.1
811,Samuele,Hallums,shallumsmi@tuttocitta.it,Male,221.34.228.108,-0.63
812,Westbrooke,Dillicate,wdillicatemj@nbcnews.com,Male,219.31.156.142,0.31
813,Dugald,Jellyman,djellymanmk@npr.org,Male,130.136.13.184,0.16
814,Thelma,Stackbridge,tstackbridgeml@usa.gov,Female,54.228.167.165,2.48
815,Gilburt,Olander,golandermm@hp.com,Male,214.103.2.252,-0.89
816,Cammy,Tidbury,ctidburymn@apple.com,Female,58.103.39.115,-0.43
817,Aprilette,Fitzmaurice,afitzmauricemo@meetup.com,Female,33.7.192.255,0.06
818,Allison,Brighty,abrightymp@storify.com,Female,37.7.140.174,0.83
819,Helli,Graffin,hgraffinmq@list-manage.com,Female,159.254.35.191,0.02
820,Verne,Amoore,vamooremr@usgs.gov,Male,173.241.91.163,-0.55
821,Maryrose,Behan,mbehanms@berkeley.edu,Female,182.151.125.245,-0.19
822,Luisa,Timby,ltimbymt@disqus.com,Female,15.74.119.89,-0.11
823,Shel,McTavy,smctavymu@ocn.ne.jp,Female,187.230.164.58,-2.51
824,Mimi,Carlaw,mcarlawmv@vk.com,Female,216.55.214.102,-0.22
825,Sammy,Poynor,spoynormw@squarespace.com,Female,122.3.1.108,1.62
826,Maggee,Fidgett,mfidgettmx@t.co,Female,14.125.111.121,0.01
827,Korry,Leggitt,kleggittmy@opensource.org,Female,41.143.3.50,-1.34
828,Scotty,Ramm,srammmz@blogger.com,Male,84.210.170.33,-0.33
829,Noelani,Lamprecht,nlamprechtn0@wix.com,Female,176.216.105.189,-0.88
830,Alidia,Land,alandn1@opensource.org,Female,8.100.33.174,-0.16
831,Mollie,De Gowe,mdegowen2@51.la,Female,44.136.49.213,-1.45
832,Juliana,Chasmoor,jchasmoorn3@odnoklassniki.ru,Female,87.235.90.228,-0.31
833,Robenia,Deavall,rdeavalln4@miitbeian.gov.cn,Female,113.89.11.155,1.09
834,Anselma,Cowdrey,acowdreyn5@dagondesign.com,Female,223.247.245.123,-0.86
835,Denni,Cruikshanks,dcruikshanksn6@patch.com,Female,180.251.186.85,0.03
836,Temple,MacKaile,tmackailen7@networksolutions.com,Male,95.27.140.98,-0.65
837,Michail,Wordley,mwordleyn8@weibo.com,Male,156.223.103.103,-0.66
838,Joshia,Burds,jburdsn9@woothemes.com,Male,155.182.84.213,-1.07
839,Alie,Flinders,aflindersna@vimeo.com,Female,58.59.188.32,-0.33
840,Deny,Ducket,dducketnb@dmoz.org,Female,28.50.241.82,0.66
841,Sheeree,Beardon,sbeardonnc@mapquest.com,Female,194.254.12.120,1.47
842,Ann-marie,Rilston,arilstonnd@soup.io,Female,9.76.29.29,-0.25
843,Tonya,Randales,trandalesne@java.com,Female,94.51.225.128,-0.82
844,Aloysius,Luckcock,aluckcocknf@yelp.com,Male,41.93.217.137,1.28
845,Babara,Malenoir,bmalenoirng@mashable.com,Female,79.14.242.249,-0.36
846,Lora,Ossipenko,lossipenkonh@yelp.com,Female,240.5.135.94,-0.86
847,Basilio,Blader,bbladerni@purevolume.com,Male,210.180.235.115,0.81
848,Udell,Keller,ukellernj@liveinternet.ru,Male,173.7.197.124,-1.92
849,Filip,Heinke,fheinkenk@google.de,Male,10.150.225.244,0.65
850,Daniella,Slaughter,dslaughternl@prweb.com,Female,62.45.80.172,0.5
851,Gwenore,Bowich,gbowichnm@howstuffworks.com,Female,199.194.238.227,-1.78
852,Carney,Jone,cjonenn@surveymonkey.com,Male,185.227.38.127,0.22
853,Joletta,Ewings,jewingsno@indiegogo.com,Female,63.166.80.85,0.76
854,Kristy,Frugier,kfrugiernp@bizjournals.com,Female,24.105.158.120,0.31
855,Sutherland,Hale,shalenq@globo.com,Male,68.175.9.107,0.74
856,Donavon,Haynes,dhaynesnr@symantec.com,Male,165.175.15.223,0.44
857,Ceciley,Culbard,cculbardns@umn.edu,Female,124.248.9.117,-0.42
858,Noni,Jozwicki,njozwickint@go.com,Female,68.80.253.153,1.32
859,Lorna,De Castri,ldecastrinu@seattletimes.com,Female,110.121.111.121,-0.47
860,Basia,Tolerton,btolertonnv@adobe.com,Female,114.113.50.126,0.95
861,Tobi,Schreurs,tschreursnw@4shared.com,Female,70.253.80.198,-0.05
862,Bear,Hows,bhowsnx@live.com,Male,120.19.167.143,-0.29
863,Farlie,Winnister,fwinnisterny@ftc.gov,Male,103.50.209.54,-0.77
864,Ann-marie,Caddies,acaddiesnz@naver.com,Female,238.253.94.134,0.73
865,Rickert,Yusupov,ryusupovo0@gravatar.com,Male,96.10.12.128,1.51
866,Duane,Blaxter,dblaxtero1@ucla.edu,Male,50.126.174.201,0.77
867,Jayson,Gettens,jgettenso2@latimes.com,Male,115.25.14.56,-1.39
868,Leeanne,Menhci,lmenhcio3@cisco.com,Female,78.59.92.143,0.88
869,Hadrian,Mc Caughen,hmccaugheno4@usda.gov,Male,3.110.97.128,0.11
870,Ettie,Kolin,ekolino5@gizmodo.com,Female,162.181.70.248,-0.28
871,Yetty,Brownlee,ybrownleeo6@sfgate.com,Female,245.43.132.91,1.35
872,Rey,Ryles,rryleso7@umn.edu,Male,170.239.119.204,-1.43
873,Annora,Bryant,abryanto8@nifty.com,Female,200.52.152.190,1.3
874,Tammy,Shadrack,tshadracko9@ifeng.com,Female,106.45.110.244,-0.0
875,Lilas,Graver,lgraveroa@wufoo.com,Female,43.66.17.114,-0.24
876,Molli,Kinde,mkindeob@yelp.com,Female,245.93.164.221,-0.93
877,Iggie,Brookwell,ibrookwelloc@tinypic.com,Male,63.168.64.49,-1.65
878,Gale,MacKill,gmackillod@accuweather.com,Male,5.174.80.153,-1.28
879,Constancy,Burrage,cburrageoe@tripadvisor.com,Female,202.21.115.5,-1.25
880,Max,Dirkin,mdirkinof@prlog.org,Male,194.246.217.231,-0.91
881,Teador,O'Scully,toscullyog@youtube.com,Male,248.225.72.113,-0.93
882,Gan,Colter,gcolteroh@fastcompany.com,Male,90.192.245.22,1.07
883,Claudio,Bottoms,cbottomsoi@smugmug.com,Male,3.33.58.185,-1.18
884,Jecho,Titta,jtittaoj@amazon.co.jp,Male,218.40.5.6,1.46
885,Flory,McGilvray,fmcgilvrayok@upenn.edu,Female,18.26.196.245,-2.16
886,Artemis,Cush,acushol@mlb.com,Male,246.104.234.17,0.76
887,Malena,Senescall,msenescallom@simplemachines.org,Female,22.118.203.114,2.32
888,Eal,Lonie,elonieon@aboutads.info,Male,178.137.145.188,0.48
889,Dorella,Buttle,dbuttleoo@furl.net,Female,57.48.48.73,-0.07
890,Erich,Tunney,etunneyop@dot.gov,Male,165.149.231.134,-0.14
891,Gian,Brosoli,gbrosolioq@cdc.gov,Male,96.227.26.71,0.73
892,Mitzi,Fateley,mfateleyor@xrea.com,Female,137.25.197.226,-0.69
893,Phoebe,Poznanski,ppoznanskios@nsw.gov.au,Female,145.252.99.3,2.01
894,Amandy,Duprey,adupreyot@homestead.com,Female,160.56.176.237,0.08
895,Hakeem,Knight,hknightou@squidoo.com,Male,243.171.167.192,0.62
896,Marten,Ivons,mivonsov@goo.ne.jp,Male,174.56.56.153,-0.69
897,Ara,Tunkin,atunkinow@bloglovin.com,Female,241.222.251.234,-0.59
898,Gilbert,Devigne,gdevigneox@cafepress.com,Male,247.104.216.132,1.04
899,Livvyy,Pickavance,lpickavanceoy@economist.com,Female,160.160.16.18,0.66
900,Darb,Swyndley,dswyndleyoz@unesco.org,Male,178.160.120.230,0.99
901,Tabb,Leftbridge,tleftbridgep0@wufoo.com,Male,30.32.252.34,-0.07
902,Micheil,Kunat,mkunatp1@icq.com,Male,201.156.212.203,0.6
903,Siana,Petracchi,spetracchip2@independent.co.uk,Female,250.208.119.159,1.0
904,Danya,Tamburo,dtamburop3@surveymonkey.com,Female,34.216.5.253,-1.12
905,Delmor,Randals,drandalsp4@zimbio.com,Male,59.72.5.184,-0.47
906,Kalvin,Garstang,kgarstangp5@mysql.com,Male,86.39.245.221,0.41
907,Montgomery,Esche,meschep6@google.ru,Male,5.49.15.169,0.63
908,Sammy,Whitland,swhitlandp7@myspace.com,Male,224.174.19.186,-0.58
909,Honoria,Polin,hpolinp8@aboutads.info,Female,136.43.70.232,0.28
910,Delaney,Blazej,dblazejp9@discovery.com,Male,37.30.10.139,-0.2
911,Kylie,Illing,killingpa@smh.com.au,Male,104.146.217.254,0.92
912,Ethan,Lygo,elygopb@live.com,Male,136.13.217.255,0.26
913,Paulie,Halm,phalmpc@adobe.com,Female,151.72.137.197,-2.42
914,Gasparo,Dyett,gdyettpd@xinhuanet.com,Male,96.228.5.115,0.59
915,Brien,Byrnes,bbyrnespe@abc.net.au,Male,187.140.36.40,-1.01
916,Korrie,Donavan,kdonavanpf@intel.com,Female,101.254.129.83,-0.25
917,Janina,Ferber,jferberpg@macromedia.com,Female,67.184.211.48,0.42
918,Si,Evanson,sevansonph@scribd.com,Male,7.37.109.102,0.64
919,Budd,Fairclough,bfaircloughpi@ehow.com,Male,13.237.150.193,-1.09
920,Hayden,Primrose,hprimrosepj@surveymonkey.com,Male,81.184.152.197,-0.08
921,Lindon,Edelman,ledelmanpk@ed.gov,Male,94.147.58.169,1.27
922,Jeth,Charge,jchargepl@statcounter.com,Male,157.79.205.211,1.19
923,Theresa,Challender,tchallenderpm@wordpress.com,Female,223.193.26.149,0.19
924,Sylas,Renhard,srenhardpn@xinhuanet.com,Male,119.52.99.4,1.41
925,Brien,Doe,bdoepo@1und1.de,Male,114.203.205.221,-0.86
926,Lars,Jackman,ljackmanpp@blogspot.com,Male,226.87.239.143,-0.24
927,Louisa,Peffer,lpefferpq@soundcloud.com,Female,41.133.110.94,0.6
928,Alfi,Iltchev,ailtchevpr@hhs.gov,Female,247.209.93.26,1.87
929,Sheila-kathryn,Rayer,srayerps@nature.com,Female,39.197.19.166,-0.4
930,Elsey,Grahlmans,egrahlmanspt@surveymonkey.com,Female,233.150.226.218,0.7
931,Donni,Deavall,ddeavallpu@senate.gov,Female,12.17.216.190,0.43
932,Skell,Love,slovepv@dagondesign.com,Male,59.146.165.87,0.21
933,Ingunna,Duckels,iduckelspw@paginegialle.it,Female,1.57.110.10,0.76
934,Herminia,Abell,habellpx@cyberchimps.com,Female,209.116.238.220,-1.03
935,Gerome,Rushton,grushtonpy@feedburner.com,Male,145.195.160.47,1.04
936,Leopold,Dalinder,ldalinderpz@ifeng.com,Male,45.29.30.165,-1.55
937,Dino,Thunderman,dthundermanq0@disqus.com,Male,213.149.90.76,1.21
938,Jemmy,Fanshawe,jfanshaweq1@google.com,Female,7.163.65.85,0.56
939,Moe,Blouet,mblouetq2@4shared.com,Male,79.234.16.180,-0.48
940,Elvis,Trotman,etrotmanq3@ebay.co.uk,Male,173.195.252.199,0.69
941,Marylynne,Locock,mlocockq4@cbc.ca,Female,4.22.188.53,-0.27
942,Bevin,Lauderdale,blauderdaleq5@etsy.com,Male,146.12.38.116,-1.14
943,Kristopher,Allitt,kallittq6@senate.gov,Male,64.46.14.241,1.02
944,Bordy,Yerrington,byerringtonq7@deviantart.com,Male,105.122.195.130,0.47
945,Brocky,Cosford,bcosfordq8@psu.edu,Male,219.59.29.205,0.72
946,Sullivan,Halewood,shalewoodq9@ed.gov,Male,234.82.18.171,-0.47
947,Dudley,Janos,djanosqa@nhs.uk,Male,243.148.183.51,-0.58
948,Harley,Sokale,hsokaleqb@homestead.com,Male,141.252.245.243,-0.14
949,Garth,Lamanby,glamanbyqc@amazon.co.jp,Male,161.69.35.112,-0.89
950,Leontine,Fessler,lfesslerqd@youtu.be,Female,24.88.94.244,-0.65
951,Maureen,Ruppel,mruppelqe@flavors.me,Female,195.143.52.193,-0.96
952,Byrom,Elbourn,belbournqf@furl.net,Male,34.17.211.117,2.29
953,Seumas,Isard,sisardqg@so-net.ne.jp,Male,135.227.230.91,-0.23
954,Phip,Vant,pvantqh@bloglovin.com,Male,181.149.6.104,0.91
955,Camella,Skace,cskaceqi@elegantthemes.com,Female,58.229.147.53,1.09
956,Glenine,Coburn,gcoburnqj@cbslocal.com,Female,90.245.215.179,2.14
957,Cecilia,Dawes,cdawesqk@seattletimes.com,Female,142.22.185.74,-0.65
958,Esme,Hallstone,ehallstoneql@pagesperso-orange.fr,Female,111.46.43.103,1.15
959,Alexandra,Vallentine,avallentineqm@skype.com,Female,135.139.244.57,0.97
960,Burgess,Couche,bcoucheqn@globo.com,Male,104.178.40.10,1.87
961,Maxim,Bilofsky,mbilofskyqo@upenn.edu,Male,226.85.51.79,0.51
962,Phylis,Seakes,pseakesqp@macromedia.com,Female,23.127.125.135,0.13
963,Collin,Basini-Gazzi,cbasinigazziqq@boston.com,Male,91.157.165.141,0.06
964,Cletus,Wilder,cwilderqr@yale.edu,Male,35.81.190.219,-0.59
965,Susie,Klimentyonok,sklimentyonokqs@google.co.uk,Female,248.174.146.49,0.82
966,Padgett,Hampstead,phampsteadqt@gmpg.org,Male,90.23.239.85,-0.65
967,Perren,Hansell,phansellqu@comcast.net,Male,246.29.30.231,1.38
968,Randi,Vicent,rvicentqv@pagesperso-orange.fr,Male,148.247.49.247,-1.85
969,Iorgo,Tabbernor,itabbernorqw@seesaa.net,Male,64.118.170.57,-0.26
970,Marinna,Bento,mbentoqx@yahoo.co.jp,Female,227.53.40.116,0.94
971,Andria,Barde,abardeqy@hud.gov,Female,33.23.172.40,0.77
972,Wrennie,Valentine,wvalentineqz@jigsy.com,Female,42.246.91.244,0.34
973,Mahmud,Forshaw,mforshawr0@usa.gov,Male,13.242.137.217,1.09
974,Patsy,Matura,pmaturar1@toplist.cz,Female,79.184.58.11,0.37
975,Rozina,Zapater,rzapaterr2@newsvine.com,Female,14.101.4.141,2.3
976,Miner,Rops,mropsr3@hhs.gov,Male,191.208.151.172,-0.53
977,Jena,Sheehan,jsheehanr4@nature.com,Female,108.190.14.234,-0.94
978,Burr,Hollingshead,bhollingsheadr5@jalbum.net,Male,80.136.148.140,-0.82
979,Thomasine,Dossit,tdossitr6@edublogs.org,Female,211.219.234.248,0.95
980,Merrilee,Giggs,mgiggsr7@printfriendly.com,Female,35.99.243.33,-1.53
981,Chlo,Bownes,cbownesr8@clickbank.net,Female,43.87.233.125,-0.34
982,Deny,Magner,dmagnerr9@tiny.cc,Female,65.128.137.177,2.04
983,Robbert,Melarkey,rmelarkeyra@boston.com,Male,210.116.155.180,0.51
984,Tristan,Sager,tsagerrb@multiply.com,Male,146.91.165.137,0.23
985,Stoddard,Lamperti,slampertirc@jimdo.com,Female,102.109.66.85,1.06
986,Lottie,McCullen,lmccullenrd@1und1.de,Female,73.220.89.16,-0.22
987,Eunice,Brugden,ebrugdenre@blogtalkradio.com,Female,113.6.235.204,-1.84
988,Mallory,Evens,mevensrf@altervista.org,Male,238.47.106.140,-1.53
989,Annecorinne,Leve,aleverg@vimeo.com,Female,155.147.165.245,0.24
990,Donica,Marriot,dmarriotrh@msn.com,Female,134.112.168.132,-0.54
991,Lucio,Zelland,lzellandri@tumblr.com,Male,244.145.37.159,0.08
992,Marilin,Bridges,mbridgesrj@yahoo.co.jp,Female,105.6.86.205,-1.86
993,Dee,Frankish,dfrankishrk@phoca.cz,Female,162.108.92.74,-0.1
994,Toiboid,Beathem,tbeathemrl@harvard.edu,Male,157.75.51.100,-0.03
995,Demetria,Dadley,ddadleyrm@nbcnews.com,Female,81.104.216.186,-1.48
996,Marcille,McMeeking,mmcmeekingrn@noaa.gov,Female,211.248.152.200,1.28
997,Kelley,Radish,kradishro@paypal.com,Female,64.177.53.200,1.59
998,Christiano,Michelin,cmichelinrp@devhub.com,Male,86.53.254.181,-0.16
999,Nicko,Sanches,nsanchesrq@canalblog.com,Male,139.125.252.11,0.92
1000,Kinnie,McIntee,kmcinteerr@walmart.com,Male,234.104.39.161,1.46
